사용일자,호선명,역명,승차,하차
20221130,7호선,가산디지털단지,48223,48362
20221130,경부선,가산디지털단지,18149,21734
20221130,2호선,강남,72597,76810
20221130,7호선,강남구청,18011,19990
20221130,2호선,건대입구,34522,36756
20221130,7호선,건대입구,13978,15199
20221130,3호선,고속터미널,41396,38893
20221130,9호선,고속터미널,13114,16651
20221130,7호선,고속터미널,15742,13733
20221130,9호선,국회의사당,18942,18861
20221130,9호선,김포공항,7011,10311
20221130,5호선,김포공항,7544,7079
20221130,3호선,도곡,5394,5578
20221130,1호선,동대문,10602,9877
20221130,2호선,뚝섬,22306,24321
20221130,2호선,사당,39999,42917
20221130,4호선,사당,27977,23698
20221130,1호선,서울역,49894,47287
20221130,신림선,서울지방병무청,2690,2950
20221130,2호선,서초,23879,23319
20221130,분당선,수서,14323,14680
20221130,3호선,수서,18034,18249
20221130,1호선,시청,26897,26371
20221130,2호선,신도림,52744,52091
20221130,경부선,신도림,4139,4428
20221130,경부선,영등포,38504,38963
20221130,5호선,올림픽공원(한국체대),4620,4119
20221130,5호선,왕십리(성동구청),4640,5449
20221130,1호선,청량리(서울시립대입구),18204,18204
20221130,4호선,혜화,36388,35253
20221130,2호선,홍대입구,57812,60375
20221129,7호선,가산디지털단지,49179,48953
20221129,경부선,가산디지털단지,19156,22399
20221129,2호선,강남,83555,80083
20221129,7호선,강남구청,18274,20297
20221129,7호선,건대입구,14104,14566
20221129,2호선,건대입구,35548,37680
20221129,9호선,고속터미널,12977,16783
20221129,7호선,고속터미널,16696,14306
20221129,3호선,고속터미널,42063,40297
20221129,9호선,국회의사당,19098,19433
20221129,5호선,김포공항,7229,6863
20221129,9호선,김포공항,7022,9203
20221129,3호선,도곡,5492,5590
20221129,1호선,동대문,11126,10428
20221129,2호선,뚝섬,22980,24751
20221129,2호선,사당,41212,44688
20221129,4호선,사당,28353,24198
20221129,1호선,서울역,51236,48225
20221129,신림선,서울지방병무청,2667,3043
20221129,2호선,서초,24575,24021
20221129,분당선,수서,14955,15611
20221129,3호선,수서,18674,18995
20221129,1호선,시청,27105,26837
20221129,경부선,신도림,4199,4395
20221129,2호선,신도림,51524,50615
20221129,경부선,영등포,39226,39598
20221129,5호선,올림픽공원(한국체대),4970,4277
20221129,5호선,왕십리(성동구청),4845,5436
20221129,1호선,청량리(서울시립대입구),20401,20060
20221129,4호선,혜화,37607,37026
20221129,2호선,홍대입구,59423,61063
20221128,경부선,가산디지털단지,18767,21838
20221128,7호선,가산디지털단지,48571,47769
20221128,2호선,강남,79398,76476
20221128,7호선,강남구청,17198,18666
20221128,2호선,건대입구,33904,36196
20221128,7호선,건대입구,13643,14409
20221128,7호선,고속터미널,17532,14256
20221128,9호선,고속터미널,13176,17518
20221128,3호선,고속터미널,42534,40796
20221128,9호선,국회의사당,18550,18506
20221128,9호선,김포공항,6997,9163
20221128,5호선,김포공항,7432,6730
20221128,3호선,도곡,5693,5618
20221128,1호선,동대문,10520,10069
20221128,2호선,뚝섬,21705,23110
20221128,4호선,사당,26433,22425
20221128,2호선,사당,38039,41569
20221128,1호선,서울역,52074,49506
20221128,신림선,서울지방병무청,2699,3110
20221128,2호선,서초,23812,22738
20221128,분당선,수서,14816,15262
20221128,3호선,수서,18375,19136
20221128,1호선,시청,25742,25159
20221128,2호선,신도림,49051,48069
20221128,경부선,신도림,3957,4267
20221128,경부선,영등포,37725,38941
20221128,5호선,올림픽공원(한국체대),4750,4078
20221128,5호선,왕십리(성동구청),4622,5140
20221128,1호선,청량리(서울시립대입구),19149,18936
20221128,4호선,혜화,31883,31331
20221128,2호선,홍대입구,54421,56932
20221127,7호선,가산디지털단지,11845,10928
20221127,경부선,가산디지털단지,5293,7270
20221127,2호선,강남,35616,34378
20221127,7호선,강남구청,6195,6907
20221127,2호선,건대입구,28819,29558
20221127,7호선,건대입구,8371,9259
20221127,3호선,고속터미널,49712,46632
20221127,7호선,고속터미널,16639,10304
20221127,9호선,고속터미널,13221,19001
20221127,9호선,국회의사당,8784,8499
20221127,5호선,김포공항,6418,6620
20221127,9호선,김포공항,6909,9411
20221127,3호선,도곡,2218,2460
20221127,1호선,동대문,10078,10531
20221127,2호선,뚝섬,13142,12809
20221127,2호선,사당,25399,27994
20221127,4호선,사당,18647,17193
20221127,1호선,서울역,37098,36697
20221127,신림선,서울지방병무청,1412,1653
20221127,2호선,서초,13519,12440
20221127,3호선,수서,11778,12004
20221127,분당선,수서,9525,9373
20221127,1호선,시청,11330,10527
20221127,2호선,신도림,32152,32542
20221127,경부선,신도림,2611,2861
20221127,경부선,영등포,37886,36160
20221127,5호선,올림픽공원(한국체대),4647,3712
20221127,5호선,왕십리(성동구청),2637,3141
20221127,1호선,청량리(서울시립대입구),13556,14087
20221127,4호선,혜화,27271,28399
20221127,2호선,홍대입구,59512,59305
20221126,7호선,가산디지털단지,16343,14689
20221126,경부선,가산디지털단지,7176,10018
20221126,2호선,강남,62174,62902
20221126,7호선,강남구청,11477,12776
20221126,7호선,건대입구,12768,13397
20221126,2호선,건대입구,37919,41839
20221126,3호선,고속터미널,59108,59698
20221126,9호선,고속터미널,16378,24956
20221126,7호선,고속터미널,18189,13960
20221126,9호선,국회의사당,5942,6198
20221126,5호선,김포공항,7560,7645
20221126,9호선,김포공항,7670,10884
20221126,3호선,도곡,4121,4408
20221126,1호선,동대문,11360,11545
20221126,2호선,뚝섬,17987,17952
20221126,4호선,사당,25591,24092
20221126,2호선,사당,39269,43692
20221126,1호선,서울역,49419,47949
20221126,신림선,서울지방병무청,1903,2114
20221126,2호선,서초,13753,11477
20221126,분당선,수서,12166,12540
20221126,3호선,수서,16312,16005
20221126,1호선,시청,20562,20941
20221126,2호선,신도림,46537,47346
20221126,경부선,신도림,3222,3736
20221126,경부선,영등포,48832,50125
20221126,5호선,올림픽공원(한국체대),5220,4765
20221126,5호선,왕십리(성동구청),3820,4755
20221126,1호선,청량리(서울시립대입구),19422,19926
20221126,4호선,혜화,36992,38371
20221126,2호선,홍대입구,78448,88489
20221125,7호선,가산디지털단지,47795,47535
20221125,경부선,가산디지털단지,19580,22566
20221125,2호선,강남,90988,89390
20221125,7호선,강남구청,18518,20763
20221125,2호선,건대입구,40600,43951
20221125,7호선,건대입구,14434,15446
20221125,9호선,고속터미널,16674,23455
20221125,3호선,고속터미널,54422,56710
20221125,7호선,고속터미널,20901,16255
20221125,9호선,국회의사당,21019,20805
20221125,5호선,김포공항,8030,7583
20221125,9호선,김포공항,8190,11324
20221125,3호선,도곡,5769,5969
20221125,1호선,동대문,11820,10561
20221125,2호선,뚝섬,25075,26784
20221125,2호선,사당,45809,51557
20221125,4호선,사당,31891,28052
20221125,1호선,서울역,61510,59273
20221125,신림선,서울지방병무청,2809,3076
20221125,2호선,서초,24925,23273
20221125,분당선,수서,16628,17483
20221125,3호선,수서,20749,20717
20221125,1호선,시청,28069,28445
20221125,2호선,신도림,55477,54111
20221125,경부선,신도림,4611,4815
20221125,경부선,영등포,48374,48345
20221125,5호선,올림픽공원(한국체대),5206,4340
20221125,5호선,왕십리(성동구청),4785,5695
20221125,1호선,청량리(서울시립대입구),21771,21809
20221125,4호선,혜화,41441,40919
20221125,2호선,홍대입구,69938,78976
20221124,경부선,가산디지털단지,19770,22802
20221124,7호선,가산디지털단지,48630,48655
20221124,2호선,강남,86436,83073
20221124,7호선,강남구청,18855,20630
20221124,2호선,건대입구,36938,39957
20221124,7호선,건대입구,14135,14856
20221124,9호선,고속터미널,14403,18433
20221124,3호선,고속터미널,45488,43496
20221124,7호선,고속터미널,17703,14754
20221124,9호선,국회의사당,18762,19282
20221124,9호선,김포공항,6460,10675
20221124,5호선,김포공항,7195,6973
20221124,3호선,도곡,5792,5930
20221124,1호선,동대문,11437,10818
20221124,2호선,뚝섬,24168,25571
20221124,2호선,사당,42627,46531
20221124,4호선,사당,29032,24604
20221124,1호선,서울역,54880,52078
20221124,신림선,서울지방병무청,2731,2897
20221124,2호선,서초,25068,23967
20221124,3호선,수서,19485,19919
20221124,분당선,수서,15738,16539
20221124,1호선,시청,29027,28932
20221124,2호선,신도림,53018,52774
20221124,경부선,신도림,4711,4868
20221124,경부선,영등포,40880,41360
20221124,5호선,올림픽공원(한국체대),5120,4288
20221124,5호선,왕십리(성동구청),4806,5748
20221124,1호선,청량리(서울시립대입구),20936,20924
20221124,4호선,혜화,38255,37767
20221124,2호선,홍대입구,62529,67075
20221123,7호선,가산디지털단지,48665,48943
20221123,경부선,가산디지털단지,19899,22758
20221123,2호선,강남,85083,81840
20221123,7호선,강남구청,18789,20777
20221123,7호선,건대입구,14096,14603
20221123,2호선,건대입구,36434,38857
20221123,7호선,고속터미널,16567,14312
20221123,3호선,고속터미널,42316,40258
20221123,9호선,고속터미널,13550,17389
20221123,9호선,국회의사당,19022,19859
20221123,9호선,김포공항,7056,10949
20221123,5호선,김포공항,7266,7156
20221123,3호선,도곡,5682,5720
20221123,1호선,동대문,11400,10734
20221123,2호선,뚝섬,23889,25722
20221123,2호선,사당,41831,46078
20221123,4호선,사당,28920,24453
20221123,1호선,서울역,52196,50180
20221123,신림선,서울지방병무청,2705,3041
20221123,2호선,서초,25449,24874
20221123,분당선,수서,14970,15724
20221123,3호선,수서,18986,19133
20221123,1호선,시청,28040,28400
20221123,2호선,신도림,52791,52296
20221123,경부선,신도림,4675,4811
20221123,경부선,영등포,40172,41239
20221123,5호선,올림픽공원(한국체대),5104,4389
20221123,5호선,왕십리(성동구청),4999,5681
20221123,1호선,청량리(서울시립대입구),20351,20180
20221123,4호선,혜화,39052,38932
20221123,2호선,홍대입구,61996,65648
20221122,경부선,가산디지털단지,19705,22799
20221122,7호선,가산디지털단지,48694,48971
20221122,2호선,강남,84540,81768
20221122,7호선,강남구청,18398,20425
20221122,7호선,건대입구,14167,14635
20221122,2호선,건대입구,35967,38066
20221122,3호선,고속터미널,41673,39531
20221122,9호선,고속터미널,13285,17106
20221122,7호선,고속터미널,16684,14341
20221122,9호선,국회의사당,24101,19991
20221122,5호선,김포공항,7253,6783
20221122,9호선,김포공항,6848,9769
20221122,3호선,도곡,5516,5496
20221122,1호선,동대문,11138,10582
20221122,2호선,뚝섬,23416,25215
20221122,2호선,사당,41505,45182
20221122,4호선,사당,28198,23817
20221122,1호선,서울역,52251,49543
20221122,신림선,서울지방병무청,2691,3066
20221122,2호선,서초,24539,23463
20221122,3호선,수서,18703,19254
20221122,분당선,수서,15049,15687
20221122,1호선,시청,28479,32104
20221122,2호선,신도림,50391,49753
20221122,경부선,신도림,4554,4674
20221122,경부선,영등포,39174,39818
20221122,5호선,올림픽공원(한국체대),4956,4301
20221122,5호선,왕십리(성동구청),4573,5237
20221122,1호선,청량리(서울시립대입구),20348,20141
20221122,4호선,혜화,37098,37139
20221122,2호선,홍대입구,60527,63566
20221121,경부선,가산디지털단지,19443,22849
20221121,7호선,가산디지털단지,48263,48114
20221121,2호선,강남,81922,78908
20221121,7호선,강남구청,17350,19381
20221121,2호선,건대입구,35239,38031
20221121,7호선,건대입구,13603,14052
20221121,3호선,고속터미널,42336,40529
20221121,7호선,고속터미널,17742,14502
20221121,9호선,고속터미널,13434,18003
20221121,9호선,국회의사당,24197,23493
20221121,5호선,김포공항,7330,6967
20221121,9호선,김포공항,7217,10187
20221121,3호선,도곡,5586,5350
20221121,1호선,동대문,11208,10906
20221121,2호선,뚝섬,22541,24229
20221121,2호선,사당,39122,43215
20221121,4호선,사당,27046,22823
20221121,1호선,서울역,52397,50716
20221121,신림선,서울지방병무청,2667,3065
20221121,2호선,서초,23374,22577
20221121,분당선,수서,15147,15823
20221121,3호선,수서,18582,19206
20221121,1호선,시청,26008,25963
20221121,경부선,신도림,4518,4596
20221121,2호선,신도림,49844,48800
20221121,경부선,영등포,38706,40194
20221121,5호선,올림픽공원(한국체대),4893,4294
20221121,5호선,왕십리(성동구청),4594,5139
20221121,1호선,청량리(서울시립대입구),20373,20261
20221121,4호선,혜화,33762,33489
20221121,2호선,홍대입구,58934,61753
20221120,7호선,가산디지털단지,12031,11066
20221120,경부선,가산디지털단지,5322,7342
20221120,2호선,강남,37499,36148
20221120,7호선,강남구청,6358,7107
20221120,2호선,건대입구,29094,30283
20221120,7호선,건대입구,9017,9738
20221120,7호선,고속터미널,16819,10430
20221120,9호선,고속터미널,13801,19732
20221120,3호선,고속터미널,50145,46328
20221120,9호선,국회의사당,6286,5860
20221120,9호선,김포공항,7273,10339
20221120,5호선,김포공항,6906,6663
20221120,3호선,도곡,2434,2409
20221120,1호선,동대문,10750,11189
20221120,2호선,뚝섬,12622,12593
20221120,4호선,사당,18842,17195
20221120,2호선,사당,25586,29010
20221120,1호선,서울역,39184,37959
20221120,신림선,서울지방병무청,1497,1678
20221120,2호선,서초,14918,13797
20221120,3호선,수서,12356,12968
20221120,분당선,수서,10061,9541
20221120,1호선,시청,12102,11432
20221120,2호선,신도림,33104,33961
20221120,경부선,신도림,2781,2949
20221120,경부선,영등포,38108,37263
20221120,5호선,올림픽공원(한국체대),3895,3615
20221120,5호선,왕십리(성동구청),2851,3420
20221120,1호선,청량리(서울시립대입구),13780,13929
20221120,4호선,혜화,35620,35007
20221120,2호선,홍대입구,61635,61396
20221119,7호선,가산디지털단지,16176,14456
20221119,경부선,가산디지털단지,7525,9776
20221119,2호선,강남,60075,61029
20221119,7호선,강남구청,11448,12718
20221119,7호선,건대입구,17751,18200
20221119,2호선,건대입구,41810,45668
20221119,7호선,고속터미널,18524,13936
20221119,3호선,고속터미널,58131,58076
20221119,9호선,고속터미널,16054,23785
20221119,9호선,국회의사당,5963,6254
20221119,5호선,김포공항,7704,7662
20221119,9호선,김포공항,7954,11272
20221119,3호선,도곡,3822,3855
20221119,1호선,동대문,11202,11035
20221119,2호선,뚝섬,17738,17255
20221119,2호선,사당,37049,42756
20221119,4호선,사당,26222,23452
20221119,1호선,서울역,52881,48650
20221119,신림선,서울지방병무청,1836,1920
20221119,2호선,서초,13308,11140
20221119,분당선,수서,12691,12800
20221119,3호선,수서,16280,16203
20221119,1호선,시청,22633,28367
20221119,경부선,신도림,3397,3779
20221119,2호선,신도림,45859,46968
20221119,경부선,영등포,47153,50187
20221119,5호선,올림픽공원(한국체대),4529,4282
20221119,5호선,왕십리(성동구청),3861,4895
20221119,1호선,청량리(서울시립대입구),19524,20024
20221119,4호선,혜화,41068,42019
20221119,2호선,홍대입구,77828,90561
20221118,경부선,가산디지털단지,19358,22188
20221118,7호선,가산디지털단지,47491,47145
20221118,2호선,강남,89703,88349
20221118,7호선,강남구청,18216,20409
20221118,7호선,건대입구,14722,15711
20221118,2호선,건대입구,41090,45228
20221118,9호선,고속터미널,16505,23023
20221118,3호선,고속터미널,54133,56241
20221118,7호선,고속터미널,20642,16232
20221118,9호선,국회의사당,18502,19089
20221118,5호선,김포공항,8435,8026
20221118,9호선,김포공항,8409,11916
20221118,3호선,도곡,5434,5266
20221118,1호선,동대문,11877,10527
20221118,2호선,뚝섬,25411,27125
20221118,4호선,사당,30936,26932
20221118,2호선,사당,44754,49738
20221118,1호선,서울역,59914,59000
20221118,신림선,서울지방병무청,2543,2889
20221118,2호선,서초,23336,22365
20221118,3호선,수서,20870,20499
20221118,분당선,수서,16238,17138
20221118,1호선,시청,27660,28156
20221118,2호선,신도림,54263,54360
20221118,경부선,신도림,4675,4786
20221118,경부선,영등포,46221,49131
20221118,5호선,올림픽공원(한국체대),5578,5197
20221118,5호선,왕십리(성동구청),4889,5766
20221118,1호선,청량리(서울시립대입구),21806,21890
20221118,4호선,혜화,40625,40655
20221118,2호선,홍대입구,70716,81493
20221117,경부선,가산디지털단지,19777,22751
20221117,7호선,가산디지털단지,48174,48382
20221117,2호선,강남,82969,80427
20221117,7호선,강남구청,18487,20590
20221117,7호선,건대입구,14188,14720
20221117,2호선,건대입구,37694,40150
20221117,7호선,고속터미널,16888,14155
20221117,3호선,고속터미널,43876,42693
20221117,9호선,고속터미널,14169,18216
20221117,9호선,국회의사당,18470,19157
20221117,9호선,김포공항,7283,11052
20221117,5호선,김포공항,7370,7452
20221117,3호선,도곡,5843,5846
20221117,1호선,동대문,11457,10814
20221117,2호선,뚝섬,24267,25750
20221117,2호선,사당,42042,46036
20221117,4호선,사당,28750,24435
20221117,1호선,서울역,52524,52124
20221117,신림선,서울지방병무청,2534,2379
20221117,2호선,서초,25557,25097
20221117,3호선,수서,19086,19230
20221117,분당선,수서,15098,16031
20221117,1호선,시청,27677,27612
20221117,경부선,신도림,4655,4783
20221117,2호선,신도림,52150,51690
20221117,경부선,영등포,40436,42327
20221117,5호선,올림픽공원(한국체대),5001,4179
20221117,5호선,왕십리(성동구청),4856,5523
20221117,1호선,청량리(서울시립대입구),20851,20833
20221117,4호선,혜화,38324,38279
20221117,2호선,홍대입구,64777,68706
20221116,7호선,가산디지털단지,48995,49011
20221116,경부선,가산디지털단지,19764,22870
20221116,2호선,강남,83765,80933
20221116,7호선,강남구청,18465,20722
20221116,2호선,건대입구,37280,39543
20221116,7호선,건대입구,14060,14517
20221116,3호선,고속터미널,42202,40380
20221116,9호선,고속터미널,13501,17269
20221116,7호선,고속터미널,16420,14197
20221116,9호선,국회의사당,19966,19793
20221116,9호선,김포공항,7020,11274
20221116,5호선,김포공항,7258,7319
20221116,3호선,도곡,5822,6065
20221116,1호선,동대문,11669,11076
20221116,2호선,뚝섬,24412,26257
20221116,2호선,사당,42091,46026
20221116,4호선,사당,28955,24952
20221116,1호선,서울역,51174,50582
20221116,신림선,서울지방병무청,2760,2975
20221116,2호선,서초,25041,24184
20221116,분당선,수서,14892,15587
20221116,3호선,수서,18876,19127
20221116,1호선,시청,27689,27596
20221116,2호선,신도림,52544,51800
20221116,경부선,신도림,4602,4813
20221116,경부선,영등포,40685,41927
20221116,5호선,올림픽공원(한국체대),4962,4237
20221116,5호선,왕십리(성동구청),4816,5536
20221116,1호선,청량리(서울시립대입구),20581,20557
20221116,4호선,혜화,38441,37339
20221116,2호선,홍대입구,61386,65159
20221115,경부선,가산디지털단지,19824,22953
20221115,7호선,가산디지털단지,48951,49140
20221115,2호선,강남,83743,80377
20221115,7호선,강남구청,18296,20647
20221115,2호선,건대입구,36097,38091
20221115,7호선,건대입구,14154,14992
20221115,9호선,고속터미널,13066,16800
20221115,7호선,고속터미널,16342,14431
20221115,3호선,고속터미널,42208,40033
20221115,9호선,국회의사당,18610,19278
20221115,5호선,김포공항,6869,6897
20221115,9호선,김포공항,6994,10272
20221115,3호선,도곡,5540,5376
20221115,1호선,동대문,11134,10512
20221115,2호선,뚝섬,23404,25070
20221115,2호선,사당,41027,44892
20221115,4호선,사당,28112,24540
20221115,1호선,서울역,50826,48685
20221115,신림선,서울지방병무청,2668,2910
20221115,2호선,서초,24196,23358
20221115,3호선,수서,18769,19209
20221115,분당선,수서,14677,15256
20221115,1호선,시청,27522,27654
20221115,2호선,신도림,52221,51288
20221115,경부선,신도림,4412,4644
20221115,경부선,영등포,39493,40919
20221115,5호선,올림픽공원(한국체대),5043,4277
20221115,5호선,왕십리(성동구청),4765,5484
20221115,1호선,청량리(서울시립대입구),20890,20859
20221115,4호선,혜화,36068,35650
20221115,2호선,홍대입구,58392,61111
20221114,7호선,가산디지털단지,48560,48468
20221114,경부선,가산디지털단지,19415,22380
20221114,2호선,강남,80945,77622
20221114,7호선,강남구청,17305,19094
20221114,7호선,건대입구,13557,14106
20221114,2호선,건대입구,35181,37162
20221114,3호선,고속터미널,37672,36302
20221114,9호선,고속터미널,12564,16342
20221114,7호선,고속터미널,17218,14180
20221114,9호선,국회의사당,18003,18653
20221114,9호선,김포공항,7143,10546
20221114,5호선,김포공항,7245,6962
20221114,3호선,도곡,5588,5347
20221114,1호선,동대문,11053,10623
20221114,2호선,뚝섬,22402,23994
20221114,2호선,사당,38702,42820
20221114,4호선,사당,27246,22517
20221114,1호선,서울역,52325,49644
20221114,신림선,서울지방병무청,2646,2971
20221114,2호선,서초,23016,22153
20221114,3호선,수서,18474,19031
20221114,분당선,수서,15318,15460
20221114,1호선,시청,25719,25978
20221114,경부선,신도림,4379,4489
20221114,2호선,신도림,48816,47909
20221114,경부선,영등포,37842,39332
20221114,5호선,올림픽공원(한국체대),4754,4084
20221114,5호선,왕십리(성동구청),4473,5127
20221114,1호선,청량리(서울시립대입구),20419,20162
20221114,4호선,혜화,33346,33102
20221114,2호선,홍대입구,57414,60199
20221113,7호선,가산디지털단지,12214,11154
20221113,경부선,가산디지털단지,5379,7387
20221113,2호선,강남,34995,33403
20221113,7호선,강남구청,6335,7141
20221113,2호선,건대입구,27663,28530
20221113,7호선,건대입구,7933,8777
20221113,3호선,고속터미널,48711,44825
20221113,9호선,고속터미널,12779,18269
20221113,7호선,고속터미널,16324,9433
20221113,9호선,국회의사당,5678,5321
20221113,5호선,김포공항,6384,6269
20221113,9호선,김포공항,6692,9744
20221113,3호선,도곡,2071,2130
20221113,1호선,동대문,10165,10269
20221113,2호선,뚝섬,11661,11667
20221113,2호선,사당,24709,27232
20221113,4호선,사당,18443,16687
20221113,1호선,서울역,36262,35316
20221113,신림선,서울지방병무청,1410,1679
20221113,2호선,서초,13291,12257
20221113,3호선,수서,11419,11584
20221113,분당선,수서,9236,9242
20221113,1호선,시청,11367,10478
20221113,2호선,신도림,33119,33603
20221113,경부선,신도림,2544,2887
20221113,경부선,영등포,36608,35869
20221113,5호선,올림픽공원(한국체대),3527,3710
20221113,5호선,왕십리(성동구청),2588,3000
20221113,1호선,청량리(서울시립대입구),13304,13569
20221113,4호선,혜화,27793,29329
20221113,2호선,홍대입구,57651,58403
20221112,경부선,가산디지털단지,6727,9379
20221112,7호선,가산디지털단지,15888,13940
20221112,2호선,강남,59066,58874
20221112,7호선,강남구청,10937,12274
20221112,2호선,건대입구,34830,37829
20221112,7호선,건대입구,11746,12935
20221112,9호선,고속터미널,14781,23207
20221112,7호선,고속터미널,18533,13550
20221112,3호선,고속터미널,56868,57846
20221112,9호선,국회의사당,5793,5811
20221112,9호선,김포공항,7841,11028
20221112,5호선,김포공항,7642,7448
20221112,3호선,도곡,3733,3638
20221112,1호선,동대문,10800,10684
20221112,2호선,뚝섬,15747,15841
20221112,4호선,사당,25386,22505
20221112,2호선,사당,36721,41386
20221112,1호선,서울역,50491,49980
20221112,신림선,서울지방병무청,2115,2375
20221112,2호선,서초,12938,10898
20221112,분당선,수서,11702,12090
20221112,3호선,수서,15955,15671
20221112,1호선,시청,31007,28266
20221112,2호선,신도림,45693,46381
20221112,경부선,신도림,3252,3811
20221112,경부선,영등포,47286,48415
20221112,5호선,올림픽공원(한국체대),4815,4287
20221112,5호선,왕십리(성동구청),3808,4473
20221112,1호선,청량리(서울시립대입구),18174,19643
20221112,4호선,혜화,36369,37243
20221112,2호선,홍대입구,72976,80976
20221111,경부선,가산디지털단지,19214,22114
20221111,7호선,가산디지털단지,47382,47311
20221111,2호선,강남,88704,87536
20221111,7호선,강남구청,18562,20854
20221111,2호선,건대입구,40555,44845
20221111,7호선,건대입구,14613,15860
20221111,3호선,고속터미널,53189,55364
20221111,9호선,고속터미널,16243,22664
20221111,7호선,고속터미널,20661,16095
20221111,9호선,국회의사당,18165,18652
20221111,9호선,김포공항,8240,11823
20221111,5호선,김포공항,8128,7642
20221111,3호선,도곡,5904,5572
20221111,1호선,동대문,11996,10623
20221111,2호선,뚝섬,26029,27806
20221111,4호선,사당,31103,26834
20221111,2호선,사당,44963,50360
20221111,1호선,서울역,58928,59230
20221111,신림선,서울지방병무청,2891,3039
20221111,2호선,서초,23997,22725
20221111,3호선,수서,20591,20908
20221111,분당선,수서,16384,17487
20221111,1호선,시청,28787,29277
20221111,2호선,신도림,54017,53968
20221111,경부선,신도림,4546,4878
20221111,경부선,영등포,44981,48028
20221111,5호선,올림픽공원(한국체대),5048,4376
20221111,5호선,왕십리(성동구청),4874,5833
20221111,1호선,청량리(서울시립대입구),22134,22206
20221111,4호선,혜화,41115,40350
20221111,2호선,홍대입구,70202,80243
20221110,경부선,가산디지털단지,19921,23061
20221110,7호선,가산디지털단지,48752,49394
20221110,2호선,강남,83928,81305
20221110,7호선,강남구청,18569,20812
20221110,2호선,건대입구,36977,39592
20221110,7호선,건대입구,14103,14682
20221110,3호선,고속터미널,44057,42078
20221110,9호선,고속터미널,13820,17559
20221110,7호선,고속터미널,17504,14778
20221110,9호선,국회의사당,18132,18847
20221110,5호선,김포공항,7437,7037
20221110,9호선,김포공항,7181,11555
20221110,3호선,도곡,5708,5647
20221110,1호선,동대문,11637,10970
20221110,2호선,뚝섬,24368,26346
20221110,2호선,사당,42882,46964
20221110,4호선,사당,28889,24603
20221110,1호선,서울역,53405,51659
20221110,신림선,서울지방병무청,2767,2978
20221110,2호선,서초,23607,23209
20221110,분당선,수서,15307,15858
20221110,3호선,수서,19163,19444
20221110,1호선,시청,28353,29286
20221110,2호선,신도림,52684,51886
20221110,경부선,신도림,4669,4779
20221110,경부선,영등포,40632,42382
20221110,5호선,올림픽공원(한국체대),4784,4308
20221110,5호선,왕십리(성동구청),4685,5436
20221110,1호선,청량리(서울시립대입구),21326,21378
20221110,4호선,혜화,38232,38336
20221110,2호선,홍대입구,61666,66019
20221109,경부선,가산디지털단지,19940,22774
20221109,7호선,가산디지털단지,48801,49198
20221109,2호선,강남,82637,79904
20221109,7호선,강남구청,18589,20559
20221109,2호선,건대입구,36498,39136
20221109,7호선,건대입구,14059,14464
20221109,7호선,고속터미널,16188,14086
20221109,3호선,고속터미널,41841,40042
20221109,9호선,고속터미널,13397,16850
20221109,9호선,국회의사당,18495,19174
20221109,5호선,김포공항,7419,7156
20221109,9호선,김포공항,7030,11510
20221109,3호선,도곡,5575,5595
20221109,1호선,동대문,11360,10743
20221109,2호선,뚝섬,24343,26094
20221109,2호선,사당,42027,45763
20221109,4호선,사당,28688,24082
20221109,1호선,서울역,50576,49559
20221109,신림선,서울지방병무청,2711,2950
20221109,2호선,서초,24837,24059
20221109,분당선,수서,15144,15695
20221109,3호선,수서,19083,19249
20221109,1호선,시청,28254,28413
20221109,경부선,신도림,4610,4691
20221109,2호선,신도림,52872,52593
20221109,경부선,영등포,39820,41289
20221109,5호선,올림픽공원(한국체대),5048,4407
20221109,5호선,왕십리(성동구청),4704,5268
20221109,1호선,청량리(서울시립대입구),21173,20753
20221109,4호선,혜화,40029,39656
20221109,2호선,홍대입구,59814,63201
20221108,경부선,가산디지털단지,19688,22495
20221108,7호선,가산디지털단지,49547,50050
20221108,2호선,강남,83517,80476
20221108,7호선,강남구청,18413,20513
20221108,2호선,건대입구,35570,38129
20221108,7호선,건대입구,14090,14557
20221108,9호선,고속터미널,13120,16794
20221108,3호선,고속터미널,41926,40071
20221108,7호선,고속터미널,16594,14450
20221108,9호선,국회의사당,18384,18970
20221108,9호선,김포공항,6797,10561
20221108,5호선,김포공항,6990,6738
20221108,3호선,도곡,5694,5594
20221108,1호선,동대문,11588,10803
20221108,2호선,뚝섬,24109,25953
20221108,2호선,사당,41965,45754
20221108,4호선,사당,28549,23796
20221108,1호선,서울역,50378,48616
20221108,신림선,서울지방병무청,2716,2939
20221108,2호선,서초,24118,23306
20221108,3호선,수서,18800,19123
20221108,분당선,수서,14915,15336
20221108,1호선,시청,27417,27069
20221108,2호선,신도림,50874,49436
20221108,경부선,신도림,4461,4651
20221108,경부선,영등포,38989,40420
20221108,5호선,올림픽공원(한국체대),5252,4694
20221108,5호선,왕십리(성동구청),4669,5595
20221108,1호선,청량리(서울시립대입구),21411,21335
20221108,4호선,혜화,37601,37402
20221108,2호선,홍대입구,58230,61641
20221107,경부선,가산디지털단지,17760,21286
20221107,7호선,가산디지털단지,50769,50322
20221107,2호선,강남,80522,76888
20221107,7호선,강남구청,17694,19402
20221107,7호선,건대입구,13304,13929
20221107,2호선,건대입구,34580,36686
20221107,9호선,고속터미널,13765,19457
20221107,7호선,고속터미널,18949,14796
20221107,3호선,고속터미널,45742,44638
20221107,9호선,국회의사당,17412,18051
20221107,5호선,김포공항,7103,6735
20221107,9호선,김포공항,7025,10434
20221107,3호선,도곡,5566,5425
20221107,1호선,동대문,11308,11252
20221107,2호선,뚝섬,23002,24744
20221107,4호선,사당,28055,23583
20221107,2호선,사당,40165,43682
20221107,1호선,서울역,52389,47370
20221107,신림선,서울지방병무청,2660,2937
20221107,2호선,서초,23082,22038
20221107,3호선,수서,19385,19947
20221107,분당선,수서,15273,15380
20221107,1호선,시청,22070,21140
20221107,경부선,신도림,3905,4210
20221107,2호선,신도림,53997,50297
20221107,경부선,영등포,32860,30802
20221107,5호선,올림픽공원(한국체대),4858,4328
20221107,5호선,왕십리(성동구청),4544,5114
20221107,1호선,청량리(서울시립대입구),19540,20019
20221107,4호선,혜화,33386,32551
20221107,2호선,홍대입구,55672,58553
20221106,7호선,가산디지털단지,12660,11468
20221106,경부선,가산디지털단지,5757,7677
20221106,2호선,강남,34701,33554
20221106,7호선,강남구청,6639,7315
20221106,7호선,건대입구,8511,9076
20221106,2호선,건대입구,28155,29507
20221106,7호선,고속터미널,16324,9678
20221106,9호선,고속터미널,13074,18708
20221106,3호선,고속터미널,49738,46007
20221106,9호선,국회의사당,7191,5967
20221106,9호선,김포공항,6950,9844
20221106,5호선,김포공항,6598,6493
20221106,3호선,도곡,2376,2616
20221106,1호선,동대문,11022,11432
20221106,2호선,뚝섬,13677,13358
20221106,4호선,사당,18949,16834
20221106,2호선,사당,25762,28491
20221106,1호선,서울역,35989,37105
20221106,신림선,서울지방병무청,1578,1688
20221106,2호선,서초,13506,12811
20221106,분당선,수서,9299,9424
20221106,3호선,수서,12089,12220
20221106,1호선,시청,13225,13267
20221106,경부선,신도림,2584,3066
20221106,2호선,신도림,34378,34704
20221106,경부선,영등포,36520,37096
20221106,5호선,올림픽공원(한국체대),3070,2944
20221106,5호선,왕십리(성동구청),2801,3221
20221106,1호선,청량리(서울시립대입구),14436,14241
20221106,4호선,혜화,28653,30405
20221106,2호선,홍대입구,56992,57106
20221105,경부선,가산디지털단지,7284,9951
20221105,7호선,가산디지털단지,16828,15221
20221105,2호선,강남,59847,59447
20221105,7호선,강남구청,11186,12544
20221105,2호선,건대입구,37450,40774
20221105,7호선,건대입구,12583,13280
20221105,9호선,고속터미널,15578,23306
20221105,7호선,고속터미널,18024,13467
20221105,3호선,고속터미널,56560,58118
20221105,9호선,국회의사당,5485,5747
20221105,5호선,김포공항,7416,7585
20221105,9호선,김포공항,7578,11149
20221105,3호선,도곡,3681,3893
20221105,1호선,동대문,11365,11022
20221105,2호선,뚝섬,18569,18358
20221105,2호선,사당,36403,42475
20221105,4호선,사당,25861,22873
20221105,1호선,서울역,46683,46301
20221105,신림선,서울지방병무청,2154,2275
20221105,2호선,서초,13762,10012
20221105,분당선,수서,12020,12208
20221105,3호선,수서,15483,15249
20221105,1호선,시청,22709,24519
20221105,2호선,신도림,46806,47133
20221105,경부선,신도림,3195,3913
20221105,경부선,영등포,45312,48295
20221105,5호선,올림픽공원(한국체대),3560,3157
20221105,5호선,왕십리(성동구청),3659,4601
20221105,1호선,청량리(서울시립대입구),19487,19988
20221105,4호선,혜화,37801,39595
20221105,2호선,홍대입구,75495,85241
20221104,7호선,가산디지털단지,48849,48216
20221104,경부선,가산디지털단지,19462,22846
20221104,2호선,강남,88889,88337
20221104,7호선,강남구청,18460,20660
20221104,2호선,건대입구,40161,44190
20221104,7호선,건대입구,14762,15347
20221104,7호선,고속터미널,20073,15815
20221104,9호선,고속터미널,15545,22300
20221104,3호선,고속터미널,53308,55282
20221104,9호선,국회의사당,17619,17975
20221104,9호선,김포공항,8050,12189
20221104,5호선,김포공항,8154,7640
20221104,3호선,도곡,5598,5710
20221104,1호선,동대문,11944,10519
20221104,2호선,뚝섬,26120,27433
20221104,2호선,사당,43651,48813
20221104,4호선,사당,30371,26145
20221104,1호선,서울역,59662,59072
20221104,신림선,서울지방병무청,2876,3023
20221104,2호선,서초,24720,21820
20221104,3호선,수서,21031,20791
20221104,분당선,수서,16092,17048
20221104,1호선,시청,29414,29513
20221104,경부선,신도림,4363,4712
20221104,2호선,신도림,54302,54168
20221104,경부선,영등포,45168,47539
20221104,5호선,올림픽공원(한국체대),5140,4440
20221104,5호선,왕십리(성동구청),4943,5780
20221104,1호선,청량리(서울시립대입구),21809,21746
20221104,4호선,혜화,41140,40457
20221104,2호선,홍대입구,68539,76695
20221103,경부선,가산디지털단지,19992,23014
20221103,7호선,가산디지털단지,48839,49172
20221103,2호선,강남,84018,81368
20221103,7호선,강남구청,18593,20739
20221103,2호선,건대입구,37324,39485
20221103,7호선,건대입구,14441,14933
20221103,7호선,고속터미널,16462,13869
20221103,9호선,고속터미널,13856,17390
20221103,3호선,고속터미널,43358,41509
20221103,9호선,국회의사당,17927,18356
20221103,9호선,김포공항,6909,11150
20221103,5호선,김포공항,7067,7070
20221103,3호선,도곡,5627,5700
20221103,1호선,동대문,11379,10933
20221103,2호선,뚝섬,24413,26214
20221103,4호선,사당,28618,24325
20221103,2호선,사당,42175,46346
20221103,1호선,서울역,52637,50876
20221103,신림선,서울지방병무청,2672,2995
20221103,2호선,서초,24918,22799
20221103,분당선,수서,15053,15688
20221103,3호선,수서,19180,19689
20221103,1호선,시청,28222,29000
20221103,2호선,신도림,51921,51641
20221103,경부선,신도림,4557,4653
20221103,경부선,영등포,39908,41083
20221103,5호선,올림픽공원(한국체대),5103,4370
20221103,5호선,왕십리(성동구청),4807,5421
20221103,1호선,청량리(서울시립대입구),21386,21168
20221103,4호선,혜화,38952,38686
20221103,2호선,홍대입구,62497,66206
20221102,경부선,가산디지털단지,20232,23195
20221102,7호선,가산디지털단지,48777,49183
20221102,2호선,강남,82572,79724
20221102,7호선,강남구청,18707,20764
20221102,7호선,건대입구,14245,14875
20221102,2호선,건대입구,36690,38839
20221102,3호선,고속터미널,41213,39392
20221102,9호선,고속터미널,13026,16629
20221102,7호선,고속터미널,15655,13710
20221102,9호선,국회의사당,18284,18964
20221102,5호선,김포공항,7152,7112
20221102,9호선,김포공항,6745,10974
20221102,3호선,도곡,5603,5752
20221102,1호선,동대문,11566,10905
20221102,2호선,뚝섬,24478,26429
20221102,2호선,사당,41240,44990
20221102,4호선,사당,28232,23795
20221102,1호선,서울역,50193,49702
20221102,신림선,서울지방병무청,2603,2855
20221102,2호선,서초,24385,22505
20221102,3호선,수서,19156,19537
20221102,분당선,수서,14885,15316
20221102,1호선,시청,29083,29093
20221102,경부선,신도림,4656,4798
20221102,2호선,신도림,51631,51154
20221102,경부선,영등포,38937,40144
20221102,5호선,올림픽공원(한국체대),5118,4429
20221102,5호선,왕십리(성동구청),4755,5423
20221102,1호선,청량리(서울시립대입구),21040,21018
20221102,4호선,혜화,40555,40442
20221102,2호선,홍대입구,60105,63347
20221101,경부선,가산디지털단지,20078,23507
20221101,7호선,가산디지털단지,48893,49190
20221101,2호선,강남,81819,78721
20221101,7호선,강남구청,18494,20593
20221101,7호선,건대입구,13989,14610
20221101,2호선,건대입구,36296,38290
20221101,9호선,고속터미널,12863,16656
20221101,7호선,고속터미널,15911,13797
20221101,3호선,고속터미널,40259,38727
20221101,9호선,국회의사당,17450,18227
20221101,5호선,김포공항,7035,6897
20221101,9호선,김포공항,6977,9927
20221101,3호선,도곡,5400,5454
20221101,1호선,동대문,11548,10926
20221101,2호선,뚝섬,24073,25673
20221101,4호선,사당,27619,23385
20221101,2호선,사당,40214,44296
20221101,1호선,서울역,50185,48097
20221101,신림선,서울지방병무청,2597,2917
20221101,2호선,서초,24263,22273
20221101,분당선,수서,14694,15329
20221101,3호선,수서,18463,19096
20221101,1호선,시청,29081,29006
20221101,2호선,신도림,50697,49845
20221101,경부선,신도림,4554,4683
20221101,경부선,영등포,38878,39933
20221101,5호선,올림픽공원(한국체대),5169,4491
20221101,5호선,왕십리(성동구청),4785,5423
20221101,1호선,청량리(서울시립대입구),21411,21308
20221101,4호선,혜화,36908,36719
20221101,2호선,홍대입구,59513,62132
20221031,7호선,가산디지털단지,48261,48639
20221031,경부선,가산디지털단지,19639,22733
20221031,2호선,강남,79691,76872
20221031,7호선,강남구청,17549,19356
20221031,2호선,건대입구,35605,37806
20221031,7호선,건대입구,13781,14470
20221031,3호선,고속터미널,42015,40727
20221031,7호선,고속터미널,17079,14181
20221031,9호선,고속터미널,13060,17198
20221031,9호선,국회의사당,16983,17703
20221031,9호선,김포공항,7036,10032
20221031,5호선,김포공항,7227,6915
20221031,3호선,도곡,5571,5524
20221031,1호선,동대문,11584,11013
20221031,2호선,뚝섬,23279,25249
20221031,4호선,사당,26783,22649
20221031,2호선,사당,38605,42642
20221031,1호선,서울역,51812,49852
20221031,신림선,서울지방병무청,2735,3106
20221031,2호선,서초,23772,21714
20221031,분당선,수서,14845,15036
20221031,3호선,수서,18428,18976
20221031,1호선,시청,27624,27940
20221031,경부선,신도림,4671,4666
20221031,2호선,신도림,49275,48738
20221031,경부선,영등포,38698,40225
20221031,5호선,올림픽공원(한국체대),5035,4391
20221031,5호선,왕십리(성동구청),4435,5089
20221031,1호선,청량리(서울시립대입구),20983,20777
20221031,4호선,혜화,34457,34893
20221031,2호선,홍대입구,57913,61461
20221030,경부선,가산디지털단지,5596,7332
20221030,7호선,가산디지털단지,11863,10989
20221030,2호선,강남,36245,33716
20221030,7호선,강남구청,6605,7278
20221030,2호선,건대입구,27821,28957
20221030,7호선,건대입구,8241,8606
20221030,3호선,고속터미널,48668,46693
20221030,7호선,고속터미널,16774,9916
20221030,9호선,고속터미널,13394,19832
20221030,9호선,국회의사당,5837,5559
20221030,9호선,김포공항,6702,9776
20221030,5호선,김포공항,6634,6421
20221030,3호선,도곡,2312,2569
20221030,1호선,동대문,10592,11021
20221030,2호선,뚝섬,13888,13849
20221030,4호선,사당,18637,17045
20221030,2호선,사당,25900,28675
20221030,1호선,서울역,38311,39081
20221030,신림선,서울지방병무청,1583,1831
20221030,2호선,서초,13338,12390
20221030,3호선,수서,11843,12252
20221030,분당선,수서,9538,9461
20221030,1호선,시청,13734,12788
20221030,경부선,신도림,2694,2950
20221030,2호선,신도림,32477,33353
20221030,경부선,영등포,36966,35795
20221030,5호선,올림픽공원(한국체대),3568,3535
20221030,5호선,왕십리(성동구청),2646,3278
20221030,1호선,청량리(서울시립대입구),14271,14575
20221030,4호선,혜화,27950,29549
20221030,2호선,홍대입구,62517,57812
20221029,경부선,가산디지털단지,7636,9897
20221029,7호선,가산디지털단지,16576,14957
20221029,2호선,강남,61621,63943
20221029,7호선,강남구청,11618,13326
20221029,2호선,건대입구,38615,42961
20221029,7호선,건대입구,12289,12942
20221029,3호선,고속터미널,59658,59574
20221029,7호선,고속터미널,19097,13350
20221029,9호선,고속터미널,16821,24611
20221029,9호선,국회의사당,10507,10748
20221029,5호선,김포공항,7964,7780
20221029,9호선,김포공항,8448,12258
20221029,3호선,도곡,4054,4443
20221029,1호선,동대문,11793,11692
20221029,2호선,뚝섬,19393,18949
20221029,4호선,사당,28340,25123
20221029,2호선,사당,38749,44432
20221029,1호선,서울역,56563,52503
20221029,신림선,서울지방병무청,2196,2366
20221029,2호선,서초,13944,11552
20221029,3호선,수서,16918,16662
20221029,분당선,수서,13070,13346
20221029,1호선,시청,29385,33730
20221029,경부선,신도림,3814,4278
20221029,2호선,신도림,47784,48794
20221029,경부선,영등포,46400,48998
20221029,5호선,올림픽공원(한국체대),4764,4535
20221029,5호선,왕십리(성동구청),3902,5003
20221029,1호선,청량리(서울시립대입구),20529,21319
20221029,4호선,혜화,39569,41401
20221029,2호선,홍대입구,84196,102651
20221028,7호선,가산디지털단지,48021,47875
20221028,경부선,가산디지털단지,19802,22991
20221028,2호선,강남,91725,90765
20221028,7호선,강남구청,18698,21200
20221028,7호선,건대입구,14571,15595
20221028,2호선,건대입구,42555,45598
20221028,9호선,고속터미널,16889,22606
20221028,3호선,고속터미널,54990,54840
20221028,7호선,고속터미널,20732,15819
20221028,9호선,국회의사당,18635,19155
20221028,5호선,김포공항,9075,8427
20221028,9호선,김포공항,9175,12676
20221028,3호선,도곡,5706,5676
20221028,1호선,동대문,12266,11076
20221028,2호선,뚝섬,26329,28316
20221028,4호선,사당,31632,26912
20221028,2호선,사당,45253,50532
20221028,1호선,서울역,61206,60155
20221028,신림선,서울지방병무청,2606,2832
20221028,2호선,서초,23902,22710
20221028,3호선,수서,21388,21144
20221028,분당선,수서,16405,17231
20221028,1호선,시청,29943,29985
20221028,2호선,신도림,54986,55364
20221028,경부선,신도림,4751,4969
20221028,경부선,영등포,46503,48757
20221028,5호선,올림픽공원(한국체대),5516,4812
20221028,5호선,왕십리(성동구청),5112,5824
20221028,1호선,청량리(서울시립대입구),22332,22593
20221028,4호선,혜화,43563,42587
20221028,2호선,홍대입구,73720,85831
20221027,7호선,가산디지털단지,48587,49285
20221027,경부선,가산디지털단지,20190,23456
20221027,2호선,강남,86413,83154
20221027,7호선,강남구청,18816,20949
20221027,7호선,건대입구,15571,17501
20221027,2호선,건대입구,39419,43501
20221027,7호선,고속터미널,16994,14231
20221027,3호선,고속터미널,45106,42348
20221027,9호선,고속터미널,14670,18030
20221027,9호선,국회의사당,18204,18842
20221027,5호선,김포공항,7711,7498
20221027,9호선,김포공항,7476,11263
20221027,3호선,도곡,5633,5668
20221027,1호선,동대문,12074,11427
20221027,2호선,뚝섬,24447,26327
20221027,2호선,사당,43466,47697
20221027,4호선,사당,29716,24807
20221027,1호선,서울역,54756,53221
20221027,신림선,서울지방병무청,2801,2973
20221027,2호선,서초,24231,23611
20221027,3호선,수서,19696,19987
20221027,분당선,수서,15265,15934
20221027,1호선,시청,29069,29198
20221027,2호선,신도림,53466,53029
20221027,경부선,신도림,4703,4801
20221027,경부선,영등포,41576,42993
20221027,5호선,올림픽공원(한국체대),5814,4869
20221027,5호선,왕십리(성동구청),4967,5651
20221027,1호선,청량리(서울시립대입구),22002,21892
20221027,4호선,혜화,40021,40443
20221027,2호선,홍대입구,65167,69114
20221026,경부선,가산디지털단지,20321,23461
20221026,7호선,가산디지털단지,49100,49572
20221026,2호선,강남,85789,82544
20221026,7호선,강남구청,18788,21050
20221026,7호선,건대입구,15140,16728
20221026,2호선,건대입구,38061,41869
20221026,9호선,고속터미널,13813,17441
20221026,7호선,고속터미널,16191,14169
20221026,3호선,고속터미널,43541,40750
20221026,9호선,국회의사당,18679,19387
20221026,9호선,김포공항,7332,11177
20221026,5호선,김포공항,7436,7423
20221026,3호선,도곡,5568,5685
20221026,1호선,동대문,11932,11263
20221026,2호선,뚝섬,24593,26528
20221026,4호선,사당,29150,24524
20221026,2호선,사당,42807,46692
20221026,1호선,서울역,53323,52499
20221026,신림선,서울지방병무청,2849,3186
20221026,2호선,서초,24910,24105
20221026,분당선,수서,14872,15322
20221026,3호선,수서,19029,19477
20221026,1호선,시청,28757,29284
20221026,경부선,신도림,4654,4813
20221026,2호선,신도림,53232,52619
20221026,경부선,영등포,40868,41625
20221026,5호선,올림픽공원(한국체대),5336,4757
20221026,5호선,왕십리(성동구청),4850,5529
20221026,1호선,청량리(서울시립대입구),21335,21478
20221026,4호선,혜화,42323,41175
20221026,2호선,홍대입구,62835,66440
20221025,경부선,가산디지털단지,20431,23387
20221025,7호선,가산디지털단지,49624,50021
20221025,2호선,강남,86204,82248
20221025,7호선,강남구청,18736,20623
20221025,7호선,건대입구,14283,14629
20221025,2호선,건대입구,36169,38300
20221025,9호선,고속터미널,13630,17400
20221025,7호선,고속터미널,15961,14027
20221025,3호선,고속터미널,42925,40375
20221025,9호선,국회의사당,18437,19163
20221025,5호선,김포공항,7063,6914
20221025,9호선,김포공항,7225,10427
20221025,3호선,도곡,5606,5547
20221025,1호선,동대문,12004,11325
20221025,2호선,뚝섬,24168,26127
20221025,4호선,사당,30212,24848
20221025,2호선,사당,43617,46985
20221025,1호선,서울역,52070,51386
20221025,신림선,서울지방병무청,2914,3159
20221025,2호선,서초,24801,23521
20221025,분당선,수서,15031,15326
20221025,3호선,수서,19076,19421
20221025,1호선,시청,28481,28450
20221025,경부선,신도림,4573,4745
20221025,2호선,신도림,51895,51412
20221025,경부선,영등포,39935,41203
20221025,5호선,올림픽공원(한국체대),5214,4487
20221025,5호선,왕십리(성동구청),4734,5321
20221025,1호선,청량리(서울시립대입구),21518,21481
20221025,4호선,혜화,37525,35178
20221025,2호선,홍대입구,61178,64113
20221024,경부선,가산디지털단지,19736,23115
20221024,7호선,가산디지털단지,49088,49293
20221024,2호선,강남,82761,79641
20221024,7호선,강남구청,17930,19593
20221024,7호선,건대입구,13527,14230
20221024,2호선,건대입구,34824,37117
20221024,7호선,고속터미널,16740,14008
20221024,9호선,고속터미널,13377,17561
20221024,3호선,고속터미널,42758,41500
20221024,9호선,국회의사당,17598,18517
20221024,9호선,김포공항,7295,11063
20221024,5호선,김포공항,7403,7312
20221024,3호선,도곡,5608,5653
20221024,1호선,동대문,11604,11129
20221024,2호선,뚝섬,23272,24898
20221024,4호선,사당,26674,22605
20221024,2호선,사당,39141,42921
20221024,1호선,서울역,52086,50671
20221024,신림선,서울지방병무청,2757,2973
20221024,2호선,서초,23411,22601
20221024,분당선,수서,15069,15400
20221024,3호선,수서,18214,19036
20221024,1호선,시청,25980,26138
20221024,2호선,신도림,50206,49621
20221024,경부선,신도림,4373,4502
20221024,경부선,영등포,38936,40109
20221024,5호선,올림픽공원(한국체대),5020,4354
20221024,5호선,왕십리(성동구청),4686,5243
20221024,1호선,청량리(서울시립대입구),20615,20629
20221024,4호선,혜화,33385,33462
20221024,2호선,홍대입구,58323,60797
20221023,경부선,가산디지털단지,5613,7689
20221023,7호선,가산디지털단지,13112,11779
20221023,2호선,강남,35186,33713
20221023,7호선,강남구청,6753,7510
20221023,7호선,건대입구,7785,8595
20221023,2호선,건대입구,27228,28044
20221023,3호선,고속터미널,49547,45914
20221023,9호선,고속터미널,13988,19859
20221023,7호선,고속터미널,15698,9616
20221023,9호선,국회의사당,6106,5716
20221023,9호선,김포공항,7171,10798
20221023,5호선,김포공항,6977,7092
20221023,3호선,도곡,2127,2367
20221023,1호선,동대문,11255,11831
20221023,2호선,뚝섬,13125,12802
20221023,4호선,사당,19239,17711
20221023,2호선,사당,27078,29942
20221023,1호선,서울역,36000,35934
20221023,신림선,서울지방병무청,1417,1677
20221023,2호선,서초,13715,12961
20221023,3호선,수서,12006,12137
20221023,분당선,수서,9663,9310
20221023,1호선,시청,14454,14554
20221023,경부선,신도림,2682,2956
20221023,2호선,신도림,33534,34075
20221023,경부선,영등포,37290,36534
20221023,5호선,올림픽공원(한국체대),3840,4443
20221023,5호선,왕십리(성동구청),2720,3133
20221023,1호선,청량리(서울시립대입구),14723,14931
20221023,4호선,혜화,26548,27841
20221023,2호선,홍대입구,59761,59904
